Maker,Stand,Harness,Team Name,School Name,Price
Titleist,Yes,No,Panthers,UNC,300
Titleist,Yes,No,Panthers,UNC,300
Titleist,Yes,No,Panthers,UNC,300
Titleist,Yes,No,Panthers,UNC,300
Titleist,Yes,No,Panthers,UNC,300
Titleist,Yes,No,Panthers,UNC,300
Titleist,No,Yes,Panthers,UNC,300
Titleist,No,Yes,Panthers,UNC,300
Titleist,No,Yes,Panthers,UNC,300
Titleist,No,Yes,Panthers,UNC,300
Titleist,No,Yes,Panthers,UNC,300
Titleist,No,Yes,Panthers,UNC,300
Nike,Yes,No,Panthers,UNC,300
Nike,Yes,No,Panthers,UNC,300
Nike,Yes,No,Panthers,UNC,300
Nike,Yes,No,Panthers,UNC,300
Nike,Yes,No,Panthers,UNC,300
Nike,Yes,No,Panthers,UNC,300
Nike,No,Yes,Panthers,UNC,300
Nike,No,Yes,Panthers,UNC,300
Nike,No,Yes,Panthers,UNC,300
Nike,No,Yes,Panthers,UNC,300
Nike,No,Yes,Panthers,UNC,300
Nike,No,Yes,Panthers,UNC,300
Ping,Yes,No,Panthers,UNC,300
Ping,Yes,No,Panthers,UNC,300
Ping,Yes,No,Panthers,UNC,300
Ping,Yes,No,Panthers,UNC,300
Ping,Yes,No,Panthers,UNC,300
Ping,Yes,No,Panthers,UNC,300
Ping,No,Yes,Panthers,UNC,300
Ping,No,Yes,Panthers,UNC,300
Ping,No,Yes,Panthers,UNC,300
Ping,No,Yes,Panthers,UNC,300
Ping,No,Yes,Panthers,UNC,300
Ping,No,Yes,Panthers,UNC,300