Maker,Coating,Layers,Box Count,Price
Titleist,Surlyn,3,12,23
Titleist,Surlyn,3,12,23
Titleist,Surlyn,3,12,23
Titleist,Surlyn,3,12,23
Titleist,Surlyn,4,12,23
Titleist,Surlyn,4,12,23
Titleist,Urethane,4,12,23
Titleist,Urethane,4,24,40
Titleist,Urethane,5,24,40
Titleist,Urethane,5,24,40
Titleist,Urethane,5,24,40
Titleist,Urethane,5,24,40
Nike,Surlyn,3,12,23
Nike,Surlyn,3,12,23
Nike,Surlyn,3,12,23
Nike,Surlyn,3,12,23
Nike,Surlyn,4,12,23
Nike,Surlyn,4,12,23
Nike,Urethane,4,12,23
Nike,Urethane,4,24,40
Nike,Urethane,5,24,40
Nike,Urethane,5,24,40
Nike,Urethane,5,24,40
Nike,Urethane,5,24,40
Ping,Surlyn,3,12,23
Ping,Surlyn,3,12,23
Ping,Surlyn,3,12,23
Ping,Surlyn,3,12,23
Ping,Surlyn,4,12,23
Ping,Surlyn,4,12,23
Ping,Urethane,4,12,23
Ping,Urethane,4,24,40
Ping,Urethane,5,24,40
Ping,Urethane,5,24,40
Ping,Urethane,5,24,40
Ping,Urethane,5,24,40