Maker,Fit,Color,Price
Titlest,10,Black,150
Titlest,10,Green,150
Titlest,10,Purple,150
Titlest,10,Red,150
Titlest,10,Yellow,150
Titlest,10,Pink,150
Titlest,10,Blue,150
Titlest,8,Black,150
Titlest,8,Green,150
Titlest,8,Purple,150
Titlest,8,Red,150
Titlest,8,Yellow,150
Nike,8,Pink,150
Nike,8,Blue,150
Nike,8,Black,150
Nike,8,Green,150
Nike,11,Purple,150
Nike,11,Red,150
Nike,11,Yellow,150
Nike,11,Pink,150
Nike,11,Blue,150
Nike,11,Black,150
Nike,11,Green,150
Nike,11,Purple,150
Ping,11,Red,150
Ping,11,Yellow,150
Ping,11,Pink,150
Ping,11,Blue,150
Ping,11,Black,150
Ping,6,Green,150
Ping,6,Purple,150
Ping,6,Red,150
Ping,6,Yellow,150
Ping,6,Pink,150
Ping,6,Blue,150
Ping,6,Black,150