Maker,Color,Collection,Umbrella Style,Pattern,Price
Titleist,Red,29,Fashin,Plaid,55
Titleist,Green,30,Mens,Polka Dot,55
Titleist,Blue,31,Womens,Print,55
Titleist,Purple,32,Italian,Solid,55
Titleist,Pink,33,Fashin,Floral,55
Titleist,Yellow,34,Mens,Art,55
Titleist,White,35,Womens,Animal,55
Titleist,Brown,36,Italian,Plaid,55
Titleist,Red,37,Fashin,Polka Dot,55
Titleist,Green,38,Mens,Print,55
Titleist,Blue,39,Womens,Solid,55
Titleist,Purple,40,Italian,Floral,55
Nike,Pink,29,Fashin,Art,55
Nike,Yellow,30,Mens,Animal,55
Nike,White,31,Womens,Plaid,55
Nike,Brown,32,Italian,Polka Dot,55
Nike,Red,33,Fashin,Print,55
Nike,Green,34,Mens,Solid,55
Nike,Blue,35,Womens,Floral,55
Nike,Purple,36,Italian,Art,55
Nike,Pink,37,Fashin,Animal,55
Nike,Yellow,38,Mens,Plaid,55
Nike,White,39,Womens,Polka Dot,55
Nike,Brown,40,Italian,Print,55
Ping,Red,29,Fashin,Solid,55
Ping,Green,30,Mens,Floral,55
Ping,Blue,31,Womens,Art,55
Ping,Purple,32,Italian,Animal,55
Ping,Pink,33,Fashin,Plaid,55
Ping,Yellow,34,Mens,Polka Dot,55
Ping,White,35,Womens,Print,55
Ping,Brown,36,Italian,Solid,55
Ping,Red,37,Fashin,Floral,55
Ping,Green,38,Mens,Art,55
Ping,Blue,39,Womens,Animal,55
Ping,Purple,40,Italian,Plaid,55